Archivo PDF;ID Excel;Referencia;Puntaje;Estado;Senal;Correccion manual
AnnGansemer-PeterF.-DarinR._MaximizeProfit2020.pdf;C-Q2-01;Gansemer-Topf, A., Orazem, P. F., & Wohlgemuth, D. R. (2021). Do liberal arts colleges maximize profit?;1.0;emparejado;ok;
Baine-Brakora_ImpactofUpperLower.pdf;C-Q2-03;Baine, N., & Brakora, K. F. (2024). Tuition equity: A study of the impact of upper/lower division tuition rates.;0.85;emparejado;ok;
BradleyR.-LarrySingell_PricingStrategies2010.pdf;B-Q1-04;Curs, B. R., & Singell, L. D. (2010). Aim high or go low? Pricing strategies and enrollment effects when the net price elasticity varies with need and ability.;1.0;emparejado;ok;
EnrolledCredits_ChadEickhoff2026.pdf;;"Eickhoff, Chad Arthur (2026). The Impact of Tuition Structures on Enrolled Credits. EdD dissertation, Northern Arizona University.";;incluido_complementario;aval_docente_reportado;Incorporado al corpus final por aval del profesor reportado por el equipo; sin fila experimental asociada, no sumar a las 11 filas de trazabilidad.
HemeltStangeMarginalPricing2016.pdf;B-Q1-01;Hemelt, S. W., & Stange, K. M. (2014). Marginal pricing and student investment in higher education.;0.85;REVISAR;empate entre filas;
J.Dean-D.Corral_ResettingPrices2022.pdf;B-Q1-03;Ward, J., & Corral, D. (2022). Resetting prices: Estimating the effect of tuition reset policies on institutional finances and enrollment.;1.0;emparejado;ok;
KevinStange_DifferencialPricing2013.pdf;A-Q3-02;Stange, K. (2015). Differential Pricing in Undergraduate Education: Effects on Degree Production by Field;0.85;emparejado;ok;
MarcB-JanM_EffectOfTuitionFees2025.pdf;C-Q3-02;Bachmeier, M., & Marcus, J. (2026). The effect of tuition fees on university graduation.;0.85;emparejado;ok;
RalfMinor_QuasiExperiment2023.pdf;C-Q3-01;Minor, R. (2023). How tuition fees affected student enrollment at higher education institutions: the aftermath of a German quasi-experiment.;1.0;emparejado;ok;
RedefiningFullTime_SerenaKlempin2014.pdf;;"Klempin, Serena (2014). Redefining Full-Time in College: Evidence on 15-Credit Strategies. Community College Research Center, Teachers College, Columbia University.";;incluido_complementario;aval_docente_reportado;Incorporado al corpus final por aval del profesor reportado por el equipo; sin fila experimental asociada, no sumar a las 11 filas de trazabilidad.
