ID;Referencia;DOI o URL;Clasificacion final;Motivo de exclusion;Verificado por;Fecha
A-Q1-02;Monks, J., & Tenliberg, R. (2008). Tuition price structures and student enrollment decisions in private higher education.;10.1016/j.econedurev.2007.09.004;Utilizable;;Integrante 1;2026-09-27
A-Q3-01;Acton, R. K. (2021). Effects of flat-rate tuition on student behavior;10.1016/j.econedurev.2021.102117;Utilizable;;Integrante 3;2026-09-26
A-Q3-03;Hemelt, S. W., & Marcotte, D. E. (2011). The Impact of Tuition Increases on Enrollment at Public Colleges and Universities;10.3102/0162373711415261;Utilizable;;Integrante 3;2026-09-26
B-Q1-02;Hemelt, S. W., & Marcotte, D. E. (2011). The impact of tuition increases on enrollment at public colleges and universities.;https://doi.org/10.3102/0162373711415261;Utilizable;;Integrante 1;2026-09-27
B-Q2-02;"Baine, N., & Brakora, K. F. (2024), ""Tuition Equity: A Study of the Disparate Impacts of Block Tuition""";https://consensus.app/papers/tuition-equity-a-study-of-the-disparate-impacts-of-block-baine-brakora/156d9ccdd844583f9ef7cc51e4cceced/;Utilizable;;Integrante 1;2026-09-27
B-Q2-04;"Hemelt, S. W., & Marcotte, D. E. (2011), ""The Impact of Tuition Increases on Enrollment at Public Colleges and Universities""";https://consensus.app/papers/the-impact-of-tuition-increases-on-enrollment-at-public-hemelt-marcotte/a90095cad36b584488692543d9d54236/;Utilizable;;Integrante 3;2026-09-26
B-Q3-03;Nicholas Baine, Karl F. Brakora, 2024, Tuition Equity: A Study of the Disparate Impacts of Block Tuition;10.18260/1-2--48180;Utilizable;;Integrante 1;2026-09-27
B-Q3-04;C. W. DeMoranville, P. O'Donnell, 2001, Price Elasticity of Per-Credit-Hour Tuition Charges and the Effects on Four-Year Graduation Rates;10.1300/j050v11n04_03;Utilizable;;Integrante 3;2026-09-26
B-Q3-05;George A. Chressanthis, 1986, The impacts of tuition rate changes on college undergraduate headcounts and credit hours over time -- a case study;10.1016/0272-7757(86)90013-0;Utilizable;;Integrante 1;2026-09-27
C-Q1-02;Baine, N. A., & Brakora, K. (2024). Tuition Equity: A Study of the Disparate Impacts of Block Tuition. ASEE, Paper ID #44145.;No aparece en el documento adjunto;Utilizable;;Integrante 1;2026-09-27
C-Q2-02;Baine, N., & Brakora, K. F. (2024). Tuition equity: A study of the disparate impacts of block tuition.;https://doi.org/10.18260/1-2--48180;Utilizable;;Integrante 1;2026-09-27
