Afirmacion;Fuente;Ubicacion;Verificado por;Fecha
"405 liberal arts colleges. Net tuition varía más idiosincráticamente que enrollment; ingresos y matrícula están estrechamente ligados en undergraduate institutions.";Gansemer-Topf, A., Orazem, P. F., & Wohlgemuth, D. R. (2021). Do liberal arts colleges maximize profit?;“Do liberal arts colleges maximize profit?” (abstract);Integrante 2;2026-09-26
Simulación con attempted credits. Upper/lower division pricing sobrecarga a Pell, transfer y estudiantes de color cuando hay créditos «wasted».;Baine, N., & Brakora, K. F. (2024). Tuition equity: A study of the impact of upper/lower division tuition rates.;Abstract, p. 1: comparación de créditos obtenidos al graduarse por elegibilidad Pell, género, raza y estatus de transferencia.;Integrante 2;2026-09-26
Estrategias high tuition/high aid pueden reducir tuition revenue.;Curs, B. R., & Singell, L. D. (2010). Aim high or go low? Pricing strategies and enrollment effects when the net price elasticity varies with need and ability.;Journal of Higher Education, 81(4), pp. 515–543, abstract: confirma que HH/HA reduce el ingreso por matrícula.;Integrante 1;2026-09-27
"Elasticidad del precio neto: −0,87 residentes, −1,20 no residentes; una política low tuition/low aid aumentaría el ingreso neto en ~US$601 por residente y ~US$339 por no residente.";Curs, B. R., & Singell, L. D. Jr. (2009). Aim High or Go Low? Pricing Strategies and Enrollment Effects when the Net Price Elasticity Varies with Need and Ability. Manuscrito, University of Oregon.;Journal of Higher Education, 81(4), pp. 515–543 (versión publicada del manuscrito de 2009 de Curs & Singell);Integrante 2;2026-09-26
Cero precio marginal sobre 12 créditos eleva intentos de créditos en una fracción modesta, con más retiros y menor desempeño.;Hemelt, S. W., & Stange, K. M. (2014). Marginal pricing and student investment in higher education.;“Marginal pricing and student investment in higher education” (abstract);Integrante 3;2026-09-26
Reducir el precio marginal por crédito a cero induce a un 7% de estudiantes a intentar una clase adicional (3 créditos), pero eleva abandonos y reduce rendimiento académico, con impacto mínimo en créditos completados a tiempo;"Hemelt, S. W., & Stange, K. M. (s.f.), ""Marginal Pricing and Student Investment in Higher Education""";“Marginal pricing and student investment” (abstract);Integrante 3;2026-09-26
"En universidades públicas de Michigan, reducir a cero el precio marginal de créditos adicionales sobre 12 indujo a una fracción modesta de estudiantes a intentar hasta una materia adicional, pero también elevó retiros y redujo el desempeño; los efectos sobre créditos aprobados y avance “a tiempo” fueron pequeños o imprecisos, por lo que el estudio sirve sobre todo para la rama estructura de cobro → créditos intentados, no para inferir directamente recaudo institucional";Steven W. Hemelt, Kevin M. Stange, 2014, Marginal Pricing and Student Investment in Higher Education;“Marginal pricing and student investment” (abstract);Integrante 3;2026-09-26
"Net tuition revenue por FTE permanece estable; escasa evidencia de gains de enrollment de largo plazo.";Ward, J., & Corral, D. (2022). Resetting prices: Estimating the effect of tuition reset policies on institutional finances and enrollment.;“Tuition reset policies affect finances and enrollment” (abstract);Integrante 2;2026-09-26
Demuestra que la estructura de precios afecta directamente la cantidad de créditos tomados, alterando los ingresos institucionales de manera asimétrica. Aporta un marco sólido si se busca evaluar qué tanto hubiera ganado o perdido la universidad comparando estos efectos a nivel de distintas facultades.;Stange, K. (2015). Differential Pricing in Undergraduate Education: Effects on Degree Production by Field;“Differential pricing influences degree production by field” (abstract);Integrante 1;2026-09-27
"Graduation cae 2 pp; menos que la caída en enrollment.";Bachmeier, M., & Marcus, J. (2026). The effect of tuition fees on university graduation.;“Tuition fees affect graduation” (abstract);Integrante 1;2026-09-27
Cobrar tuition redujo first-year enrollment alrededor de 3.8–8.1 %.;Minor, R. (2023). How tuition fees affected student enrollment at higher education institutions: the aftermath of a German quasi-experiment.;“Tuition fees affected enrollment after German quasi‑experiment” (abstract);Integrante 2;2026-09-26
